204,2328.9817219486135,1.3195772064217342,1.1009095475041744
0.0,0.11557980139472834
0.0,0.2901617673312462
0.0,0.2876282925446584
0.0,0.3491104156644418
0.0,0.11043608312508413
0.0,0.9306235597123624
0.0,0.30313612818378644
739,1114.5830307161227,1.8288434979655765,0.8081919133305298
0.0,0.9066148989145058
682,1988.8781478741712,2559.796519107305,3703.1775266630634,1.1967817319925405,0.8641964713296366,0.8469094317645937,0.5910153571431164
317,2902.6457798067827,3158.96551477865,3247.4203771715297,1.0695635726614836,0.16891978870640298,0.05445029301831436,0.02124536652492863
447,1154.0155099663734,1.294345716030997,0.12882171623250746
0.0,0.6377901363710317
0.0,0.6898131846046193
0.0,0.05814046702953579
321,2393.5188639784687,1.2194803224586983,1.1626076584893716
524,2955.599840980621,1.2154239479937328,0.6491516580315313
0.0,0.5210757777933769
392,3648.6172298446268,3907.2746743464563,1.333919413972382,1.1755099996151823,0.6986204941578239
0.0,0.2946101083967182
397,2253.0277626344805,2716.5831646152724,2995.220969594484,1.910681326235981,0.21629349353798472,0.14835313478973347,0.02685042977321615
289,2592.833186083902,3138.853888754287,1.468458280644837,0.2926382285046221,0.1079772419838906
635,1991.9613903452012,1.7211674353607922,1.1183352129375033
0.0,0.3492475861531956
694,1377.9195861183928,2936.7339187484927,1.2795022698255565,0.09990618994951887,0.001995463245007423
357,3786.937887193337,3947.797047755495,3978.365583463149,1.7058585592779223,1.010764435780369,0.8267470966999104,0.2075661512977653
0.0,0.4810056771430741
0.0,0.19501673460553726
0.0,0.4572373507682578
347,1620.8891964551847,2909.7539002923354,3713.8464246837393,1.714722356714017,0.5622536208116786,0.2734934782533485,0.034488870606464155
0.0,0.3941556385977889
0.0,0.9387710959998334
0.0,0.21826316322034278
611,1663.7328577388205,1959.931749598094,1.0318427731064546,0.7318975533323212,0.6130200214548589
0.0,0.18004506541029308
0.0,0.14716983119150073
254,1907.1097814352738,3453.7088076763694,1.962066580591515,0.5235508664762245,0.44436718024088
762,1136.9938283176925,3652.173981871812,3904.3203837227998,1.453551151296363,1.221550636876751,0.8593102112949669,0.2964007904398526
0.0,0.07501653884000525
0.0,0.5291463899777376
694,2275.100610423233,3914.52082867183,1.4216225854352162,0.20903873845903675,0.13061795460086098
602,2347.032476854876,2676.6802315378186,1.4685438413658387,0.21543168864936493,0.10372675442261867
785,2536.8975085476063,1.9766102021013177,1.652808065814227
289,3321.572483488685,1.517266653749944,0.024575298970171158
0.0,0.7018617939063143
0.0,0.24708853581368795
0.0,0.8939379311409358
0.0,0.7767387464843264
784,3653.6575433216794,3739.9533247885997,3856.7803095221666,1.7844584433821569,1.6453657456764583,1.378735463160355,0.22810113373215704
240,1162.988782377884,1.5461430588190281,0.7851502024208066
0.0,0.6387774033796986
753,1932.1226033048056,1.9262711191795625,0.37468529380357896
691,2761.0928117077733,1.9091338351058673,0.11898324912215047
0.0,0.4824572395952069
452,2193.9144698815767,2552.3908996969085,1.9348894150171643,0.9918433986092658,0.6043592778289327
300,447.81880682975475,1122.740188707445,1.0337071719298745,0.9989208544640839,0.7471968690812331
0.0,0.6945730830361545
0.0,0.1957010063211595
742,3693.3465566925324,3778.085460627655,3861.976394758387,1.8388665124451204,0.5562079625457088,0.5324384155943598,0.35194133347933293
681,3832.1676804591602,3841.0141347318013,3900.7905675966667,1.263140350559837,0.5691422558756525,0.26313495648549173,0.1304019189413678
434,3980.0201913598544,1.778727453120915,0.9827868406954894
396,3272.8270110471,1.9850137950139857,1.2865265617435215
671,2540.516083773642,3549.1174069946396,1.7923488659653701,0.520784606632942,0.1821071235554751
407,3131.068404595557,3956.6297991663514,1.6566107354974111,0.21913685955826584,0.18071311834797163
287,3381.432856955511,3714.040883745792,1.8662303818880392,0.0458624876971382,0.013125140758408177
339,3761.2740173149978,1.2064474132236986,0.3146009764015612
0.0,0.7161204678464547
268,1825.4052736762865,3193.159379946634,3198.3617071628337,1.0286342577708907,0.42235718759329904,0.3284524170670314,0.26374375976721076
476,1619.3583463126597,1674.358656282372,2572.233817370788,1.1212286189988396,1.015631997333783,0.2720354329390461,0.05929224244060367
0.0,0.630262329609982
602,2668.146499289582,3019.1722749457554,3956.7399282237902,1.5973312254975103,1.1514794837518054,0.476624142953812,0.2740234192404324
550,3778.450821742456,1.3549990206832627,0.06212336726448571
651,3618.4831719090566,3812.3021042198025,1.1030750905870823,0.5657581987360032,0.5002534523456069
0.0,0.6720135196890386
0.0,0.38263528302549954
0.0,0.46410740575223375
0.0,0.34756475023486344
0.0,0.7654717964663181
513,3263.2135795470535,3318.775122573808,1.24911820266105,1.0885547385112913,0.7841742587598991
221,907.7712781582611,1910.20946659619,1.1558612617840884,0.9211435041646004,0.12244961039446582
224,411.56577008544207,3981.729072134512,3996.676447176031,1.3034139041419,0.25734090555439165,0.08249663471780116,0.04459195079427585
