449.2932034502005081,886.3247145805067930,2820.7342218725543717,3179.9014717524623848,3819.2398959746860783,870.2253327940773033,783.2027995146695503,704.8825195632026634,634.3942676068824085,570.9548408461942017
449.2932034502005081,886.3247145805067930,2820.7342218725543717,3179.9014717524623848,3819.2398959746860783,870.2253327940773033,783.2027995146695503,704.8825195632026634,634.3942676068824085,570.9548408461942017
729.7094729966412388,3648.8237247964893868,785.8926772067277398,707.3034094860549885
729.7094729966412388,3648.8237247964893868,785.8926772067277398,707.3034094860549885
0.0000000000000000,31.8993101828831662
0.0000000000000000,31.8993101828831662
209.8085639663164272,2655.4556343150470639,851.6929674115895068,766.5236706704305334
209.8085639663164272,2655.4556343150470639,851.6929674115895068,766.5236706704305334
0.0000000000000000,94.1825239955432210
0.0000000000000000,94.1825239955432210
0.0000000000000000,27.5230163912777996
0.0000000000000000,27.5230163912777996
0.0000000000000000,181.5292051243147000
0.0000000000000000,181.5292051243147000
0.0000000000000000,184.6325181490150840
0.0000000000000000,184.6325181490150840
0.0000000000000000,136.6655621349006537
0.0000000000000000,136.6655621349006537
0.0000000000000000,136.8575277844685445
0.0000000000000000,136.8575277844685445
0.0000000000000000,85.3981493321566631
0.0000000000000000,85.3981493321566631
0.0000000000000000,107.9667583200142786
0.0000000000000000,107.9667583200142786
0.0000000000000000,113.4889211835744334
0.0000000000000000,113.4889211835744334
0.0000000000000000,68.3864885480902416
0.0000000000000000,68.3864885480902416
375.1887895039894829,950.0428862603944253,1379.2605597614067392,2104.9005615157202556,2278.0521114888806551,3054.2940090836455056,975.3232135496559749,877.7908921946904002,790.0118029752213715,711.0106226776993026,639.9095604099294405,575.9186043689364851
375.1887895039894829,950.0428862603944253,1379.2605597614067392,2104.9005615157202556,2278.0521114888806551,3054.2940090836455056,975.3232135496559749,877.7908921946904002,790.0118029752213715,711.0106226776993026,639.9095604099294405,575.9186043689364851
701.2656748247559335,718.2891906451625346,1046.0917200242465697,3372.5835646498276219,812.6041159245562540,731.3437043321006286,658.2093338988905771,592.3884005090014853
701.2656748247559335,718.2891906451625346,1046.0917200242465697,3372.5835646498276219,812.6041159245562540,731.3437043321006286,658.2093338988905771,592.3884005090014853
548.3756119140102783,2565.7530194885325727,3689.4234741543168639,785.0506361828473700,706.5455725645626899,635.8910153081064891
548.3756119140102783,2565.7530194885325727,3689.4234741543168639,785.0506361828473700,706.5455725645626899,635.8910153081064891
632.2649620337355145,2820.4030533132213350,855.2123051307685273,769.6910746176916973
632.2649620337355145,2820.4030533132213350,855.2123051307685273,769.6910746176916973
530.3723179340522620,1380.0952669016005530,638.8699984515279766,574.9829986063751903
530.3723179340522620,1380.0952669016005530,638.8699984515279766,574.9829986063751903
0.0000000000000000,146.1547110702763064
0.0000000000000000,146.1547110702763064
0.0000000000000000,150.0622865775399930
0.0000000000000000,150.0622865775399930
669.3021657873807726,3868.9315532418040675,3917.4092104167693833,3936.0795320545098548,3953.1241588350653728,3986.7269889463832442,735.0200806218896332,661.5180725597007267,595.3662653037306427,535.8296387733576012,482.2466748960218297,434.0220074064196751
669.3021657873807726,3868.9315532418040675,3917.4092104167693833,3936.0795320545098548,3953.1241588350653728,3986.7269889463832442,735.0200806218896332,661.5180725597007267,595.3662653037306427,535.8296387733576012,482.2466748960218297,434.0220074064196751
325.0568712551860813,3359.5216387567406855,3932.3638410982657660,3993.0338832690808886,3999.8879123907131543,582.8248370425575331,524.5423533383018366,472.0881180044716530,424.8793062040244877,382.3913755836220503
325.0568712551860813,3359.5216387567406855,3932.3638410982657660,3993.0338832690808886,3999.8879123907131543,582.8248370425575331,524.5423533383018366,472.0881180044716530,424.8793062040244877,382.3913755836220503
527.1364916739560158,3391.6998524121836454,765.0079640628525794,688.5071676565673897
527.1364916739560158,3391.6998524121836454,765.0079640628525794,688.5071676565673897
0.0000000000000000,147.8390145875179940
0.0000000000000000,147.8390145875179940
0.0000000000000000,95.0141011927922108
0.0000000000000000,95.0141011927922108
0.0000000000000000,5.5114054922801934
0.0000000000000000,5.5114054922801934
0.0000000000000000,111.6014588087433026
0.0000000000000000,111.6014588087433026
640.5383161357203790,3281.2213065773721610,3404.9529075991881655,3673.4113641886092410,3827.5255505434497536,889.0728395914837847,800.1655556323354404,720.1490000691019304,648.1341000621918056,583.3206900559725909
640.5383161357203790,3281.2213065773721610,3404.9529075991881655,3673.4113641886092410,3827.5255505434497536,889.0728395914837847,800.1655556323354404,720.1490000691019304,648.1341000621918056,583.3206900559725909
0.0000000000000000,43.8111573745827627
0.0000000000000000,43.8111573745827627
461.1673825226373538,2112.6864711336520486,3603.9216277252980944,3896.7660520226054359,913.8498294487792464,822.4648465039012990,740.2183618535111691,666.1965256681601204
461.1673825226373538,2112.6864711336520486,3603.9216277252980944,3896.7660520226054359,913.8498294487792464,822.4648465039012990,740.2183618535111691,666.1965256681601204
0.0000000000000000,30.4525808226406198
0.0000000000000000,30.4525808226406198
0.0000000000000000,86.2143898419785870
0.0000000000000000,86.2143898419785870
694.4394772434645802,2950.0626999189407798,552.4883385106992364,497.2395046596293469
694.4394772434645802,2950.0626999189407798,552.4883385106992364,497.2395046596293469
0.0000000000000000,83.7007751125040613
0.0000000000000000,83.7007751125040613
0.0000000000000000,6.8749046706693679
0.0000000000000000,6.8749046706693679
750.8686401154789110,3978.7127926109560576,3987.7738226798351207,3997.1914171879552669,3998.4451627825014839,618.0786605927733035,556.2707945334959732,500.6437150801463645,450.5793435721317337,405.5214092149185490
750.8686401154789110,3978.7127926109560576,3987.7738226798351207,3997.1914171879552669,3998.4451627825014839,618.0786605927733035,556.2707945334959732,500.6437150801463645,450.5793435721317337,405.5214092149185490
0.0000000000000000,108.6977765941702643
0.0000000000000000,108.6977765941702643
0.0000000000000000,78.6259997741718593
0.0000000000000000,78.6259997741718593
0.0000000000000000,116.5872663771994695
0.0000000000000000,116.5872663771994695
331.5135888172168848,1783.1910884600736154,529.6003920169448520,476.6403528152503668
331.5135888172168848,1783.1910884600736154,529.6003920169448520,476.6403528152503668
