2000,1,15,0.001000,0.001000,256,Rectangle,3,3,60,0.200000
-0.0070412268720873
0.0107495237269242
-0.0034251346153502
0.0097823854545664
0.0364417544877175
-0.0050575744142547
0.0001897036525792
0.0197477686556006
0.0516424541557337
0.0288251280271674
0.1322392550448236
-0.0107624737352447
0.0258089778721327
-0.0058498699227835
-0.0076118868571574
0.0756033368250573
-0.0435852555981358
0.0133108130024805
-0.0592997770733859
0.0104784412443163
0.1113329610478321
0.0970864602315757
-0.0004933904703165
0.0212848181896562
-0.0999843155472478
-0.0089200209906462
0.0357048151319682
-0.0627939815282654
0.1795594621428279
0.0990763486375979
-0.0232604186829407
-0.0679669384428645
0.0146427728985627
0.0183552954705536
0.0830645210496349
-0.0324354037024163
0.0030459758073842
-0.0717005744752406
0.1259933908563438
-0.0483836206530371
0.0272627906991116
-0.0911652691350875
0.0205875225433898
0.0420422918890749
-0.0034643529683120
0.0247821328904469
-0.0883677323857353
0.0057001915460021
0.0348714455946286
0.0692860273423358
-0.0907565296808397
0.0103777149944684
0.0333066608739097
0.0865875012979629
-0.0333021741617389
0.0387234999905647
-0.1134880161849662
-0.0056783219986576
0.0296709157087088
-0.0265827407775146
0.0196248109789330
-0.0759240465012361
0.0581602737866330
0.0206114989009684
0.0107369469490045
-0.0231659747458372
0.0207665632647992
0.0239456695716677
0.0906739959756801
0.0062220577297948
0.0059520930910076
-0.0423918295180321
-0.0824277708165285
0.1201155822754022
-0.0033792950589513
-0.0064291414873474
-0.0174131544374868
0.1295109875309549
-0.0067394850146495
0.0379719415267855
-0.0030739045754975
0.0153774162938078
0.0468433838651607
0.0792778781769002
-0.0453208013604914
0.0237604349899702
-0.1215341131624453
-0.0609592753099586
0.0643231136302188
-0.0070200990082886
-0.0147572713981425
-0.0400177916167794
0.0142174965039228
-0.0365047970526531
0.0330992973743194
0.1058850212405990
0.0334307942872939
0.0075160256992479
0.0557123752108024
0.0461506331584307
0.0564934398331943
-0.0296781218920789
0.0547259902762903
-0.0154809377093115
-0.0535024781040078
-0.0499155950045517
-0.0394117147688327
0.0034856541585364
0.0472908270046993
-0.0043112941826783
-0.0406342298038754
-0.0217717282676024
-0.0076291365001672
0.0356120413922102
0.1053443424953082
-0.0499117673675872
0.0564793586179517
0.0738806830781490
0.0369560617020922
-0.0401942296790448
-0.0849667019867283
-0.0721664709651532
-0.0700471452325681
0.0555211202477064
0.0260043422653174
0.0000576901709492
-0.0493065166099897
0.0609688772646131
-0.0656110568525128
-0.0347969000131570
-0.1417475264265183
0.0642087243555830
0.1613135181211193
0.0209761440661450
-0.0337460538931926
0.0098641281407854
-0.0534131069059149
-0.0095020939164691
0.0717814649920203
0.0025863197771059
0.1028778038993038
0.0325659769438703
0.0482924945680219
-0.0702920557331859
-0.0303211962893149
-0.1016462048150510
0.0177763082607711
0.0358619064949798
-0.0072087305326552
-0.0009562649377396
0.0585854473810592
0.0148273652459766
-0.0436019434255147
0.0799907340941679
0.0124105719543264
0.0180772044780892
0.0052237619910476
0.1674345447327123
-0.0472164375141023
0.0454167303310477
-0.0911018515564203
-0.0504916442783117
0.0629845287016382
0.0064848832362817
-0.0403954625511682
0.0866231440579841
0.0542906589332429
-0.0004519457597015
-0.1255631004401367
-0.0073337176335968
-0.0247415075886819
-0.0548553328718557
0.0925864627886980
0.0835367579373317
0.0294755264407783
-0.0042148905842117
-0.0509669889898490
0.0339967184240548
-0.0190109561042673
-0.0218105374777049
0.0050088422953535
0.0326317911483956
-0.0018177837905377
-0.0242130558268424
0.1053112367425160
0.0066800919034670
0.0275178718582575
0.0991623555470183
-0.0537644135509285
-0.0091522211714547
0.0280094827367957
-0.0395649850689169
-0.0443613424050249
-0.0031108730938855
-0.0393320173835607
0.0292685855253112
0.0137860009072078
0.0191148855859448
-0.0416351540750974
0.0423471232178724
-0.0324702878358697
0.0411297686913119
0.0710377372318165
-0.0471180136607885
-0.0267121911923849
0.0076604445951090
-0.0520457736214505
-0.0636998840765903
0.0518389585211450
-0.0581494820936970
-0.0206183728408901
0.0709529866200819
0.0205557280642018
-0.0064539349148858
0.0185057686330679
0.0330494610683301
0.0271698316736632
-0.0189568380334677
-0.0306804656798889
-0.0000732963795652
0.0214377869790619
-0.0437349696131514
-0.0763137009961820
-0.0020121000581143
-0.0109587105026682
-0.0895518834127231
0.1023774007135932
-0.0087521410577633
-0.0688402052302041
0.1078215361512749
0.0266204388180066
-0.0161188697774033
0.0145317405968284
0.0259052486198202
-0.0648666268814176
-0.0106755528573811
-0.0184008656960903
0.0038771293367540
0.0252679930583421
0.1152698220099888
-0.0904044858121362
0.0131922628729945
-0.0339257061954467
-0.0158477099076266
0.0307586332272603
0.0697420337456519
-0.0540286346592551
-0.0425673342594669
0.0317583378706330
-0.1016836675531411
-0.0109218644337017
0.0599237173718869
0.0316091666894423
0.0314141222855514
0.1174870676328986
-0.0111149979552122
0.0158492325197787
0.0140215958812759
-0.0149869020269209
-0.0177502420254463
0.0521669328435948
-0.0233893321374856
0.0058114410731049
-0.0126065761712390
-0.0480623119967632
-0.0421008770054950
0.0920074575525027
-0.0173783180435357
0.0814548428386698
0.0815302223542384
-0.0113603409156562
0.0191125546246537
-0.0866125966535221
0.0655227302015582
0.0013825037694288
-0.0136785288056991
-0.0091648861013447
-0.0426979663660186
-0.0230279234472496
-0.0727118152159372
0.0163997168169035
0.2487895588824138
0.0091000814292929
0.0103610978557505
0.0572378032786413
-0.0187980783550600
0.0069339927085581
-0.0352175279394648
-0.0877640010702501
0.0219149711358152
-0.0257028622376132
-0.0312883126822899
0.0293742228150443
0.0364700894706755
-0.0632824225909545
0.0452848350137730
0.0910991390610770
0.0873753409764295
-0.0352547224960997
0.0794245948955228
0.0327615130625152
-0.0042090262160638
-0.0039542559319012
-0.1085916640312132
-0.0156426640562131
0.0206216187610661
0.0078860531926685
-0.0559243938487179
0.0759731299417836
-0.0904797812820042
0.0375216607075998
-0.0297143149721191
0.1265647079132171
0.0480208057799505
0.1416977939771731
0.0519120002816622
0.0444068405355330
-0.0049174432183861
-0.0466157781958344
0.1251722946884447
0.0729522312232008
0.0555635647789976
-0.0328849833669951
0.0957231203783724
-0.0022503648834178
-0.0013419456328739
-0.0286630345957302
0.1627648239890503
0.0001709832685376
-0.0804268944182600
0.0051689978222812
0.0831929417020217
-0.0460856227861479
-0.0614458588992105
0.0278863457269965
-0.0205477105159238
-0.0248429535312409
0.0126561652729980
-0.0199823820965251
0.0410024014448499
0.0531613995610459
0.0483170692741399
0.1238636386790220
-0.0473108995577431
-0.0028366076792297
-0.0490473783788838
0.0913913637394023
0.0359669516703292
0.0894297984537972
-0.0790040787482687
-0.0509921667908600
-0.0239310287055172
-0.0337717306367631
0.0363866241336446
0.1345946597729177
0.0298046021468687
0.0683854897260145
0.0142580178014632
-0.0529862119042012
-0.0121892029735239
0.0880272746309413
0.0052441109247207
0.0455169257427217
0.0533129947699574
-0.0576701825237916
-0.0628593283770214
0.0246939828431795
-0.0102715605911681
0.0108903956873643
0.0898185919916295
-0.0245455429097215
0.1372084753719900
0.0034923772670479
0.0243923667715784
-0.0160389386624926
-0.0098108056318255
-0.0183369816823486
-0.0031408964426884
0.0528479544431795
0.0121968358020807
-0.0276438265317044
0.0588767050546599
-0.0369165229802675
0.0313849118197054
0.0205097745385577
-0.0369089558867018
0.0418322011126556
0.0145175579945816
0.0835454970245530
0.0549650034202018
0.0069975289689424
-0.0288098093973660
-0.0224250058988314
0.0348940405362352
0.1411897127285929
-0.0347920719356378
0.0015700326482869
-0.0248371867264896
-0.0195819535054735
-0.0198686504813941
-0.0179419712570460
0.0304177015430015
0.0063789155992985
0.0281387433238860
0.0947818914027686
0.0248449764906009
-0.0467442226503674
0.0049498548631284
-0.0011607546646337
-0.0383421302989892
0.0663016754370711
-0.0332926549038191
0.0241747895281052
-0.0693131424325878
0.0624975063592394
-0.0286974392813822
0.0734361186923965
-0.0156485212873092
0.0129412317603363
-0.0499488470944492
0.0196678603595646
0.0481242000002026
-0.0139396010484189
0.0172943804111131
0.0090253533476992
0.0438813392226579
-0.0339155629746737
0.0520955675489806
-0.1056985800664127
0.0862404014052064
0.0023214299302513
0.0189068548222117
0.0268035471258825
-0.0049606429663573
-0.0770555559291112
0.0751763268967627
-0.0004280579162609
0.0137297550183523
0.0564948625254903
0.0431373760532583
-0.0026628658039212
0.0066297120813193
0.0055636161097257
-0.0797500712496114
0.0534298080171492
-0.0596128389686557
0.0172594357767858
0.0509876492438679
0.0534410892556084
-0.1078015539258696
-0.0433280426273906
-0.0107489166920901
0.0243858207547278
0.0300180113222320
0.0727318610881641
-0.0113567055319002
-0.0267819404438649
-0.0123236381778440
-0.0763730129086883
-0.0343261072073876
-0.0077412337793254
-0.0083842194989279
0.0345580470442719
0.0416399892082177
-0.0578527220779971
0.0255425508183839
0.0126576691584044
0.0315582470050438
-0.0123263085073697
-0.0175990717579517
-0.0269531035794294
0.0948031771345719
0.0363663945930684
-0.0154393626426000
0.0169959246345500
0.0122756684005293
-0.0234999366263130
-0.0163468500346475
0.0721196308001339
-0.0310620428710997
0.1252190844598432
-0.0128161340295672
-0.0329489022310381
0.0093507077824826
-0.0674391927034339
-0.0501719125532647
0.0514206724805038
0.0499542160220397
-0.0336542259332817
-0.0035104185818655
0.0864711195560155
0.0241963405993626
0.0005683594145468
0.0046131442879940
-0.0051033165613456
0.0884508731539522
-0.0297191897843403
0.0654246309029567
-0.0180212681574326
-0.1005923736081381
0.0164894352952630
-0.0548938512920999
-0.0098793942956808
0.0663890615133876
-0.0036040665645691
0.0462593245682508
0.0422035360014947
-0.0790864044448947
0.0080269185601594
0.0087025356333881
-0.0376419241507097
0.0248604903594574
-0.0011297074578637
-0.0592945824346771
0.1249612965510404
0.0487251796787390
-0.0013488868601426
0.0659632008090938
0.1049958903343137
-0.0247054998816546
-0.0609049230558900
-0.0282161355412460
-0.0843111123908311
0.0472522042389716
0.0515360765613725
-0.0383248672800715
0.0555712043264581
-0.0020872477878326
-0.0602117986472595
0.0252435927353114
0.0157645276705414
0.0049290111060884
0.0801255929703486
-0.0667499535354600
-0.0270537605998493
-0.0128510736050791
0.0399696108807186
-0.0449768425161390
0.0349424707538116
0.0611486576607917
0.0049612943044032
0.0899868057936294
0.1005811974834638
-0.0063767528576807
0.0345010399409550
-0.0588639664944225
-0.0128881964438112
0.0093338994896285
-0.0471429085266574
0.0427542841429953
0.0292585107246219
0.0093732432607361
-0.0031221300623058
-0.0292780149075283
0.0319869780892859
-0.0648594565870872
0.0296361936643066
-0.0054871197669982
0.1136469737236837
0.1021972650945025
0.0129562167206561
0.0044313821044487
-0.1291742680201921
-0.0625645857899781
-0.1072936041132940
0.0506830286255364
0.0260123207770206
0.0249101784482036
0.0380005243552669
0.0109316415668437
-0.0816073685793054
-0.0285581175177577
0.0233563599293995
0.1159942051408968
-0.0118630557026326
-0.0311632567207090
0.0152702713921370
-0.0954567985459012
-0.0065530217567582
-0.0758411198042997
-0.0293557553255350
0.0835110555204129
0.0431922435143889
0.0134833384677394
-0.0160446220200267
-0.0555857806495994
-0.0220713158759406
0.0271045087969241
0.1112402678035122
-0.0362178642749363
-0.0527263018970182
0.0063909159585721
-0.0328674788523283
0.0640810593972517
0.0279617006509205
-0.0109244501257970
0.0493920150437283
0.0240200872373171
-0.0378940942467422
-0.0449515781673442
0.0176303923087006
0.0227646780334305
-0.0280116553113800
0.0052255441722755
-0.0630294465781438
-0.0143742996373756
-0.0528890854996279
0.0280543801399242
0.0977904284015403
0.0766807018892986
-0.1174642905849807
0.0750222317041688
0.0612573721592041
-0.0234372121285456
0.0196801718074049
0.0393862852172680
0.0145406245765482
-0.0923691916614664
-0.0013970854447047
0.0048841398476387
0.0093456589091105
0.0275885421875275
0.0626878418803628
-0.0005579768420508
0.0493299001366826
-0.0603913907190392
0.0284390631818339
0.0499856413930783
0.0470661215049404
-0.0131607272955915
0.0154818285375230
-0.0410255146626089
-0.0426527109525366
0.0210822870220426
-0.0178318738195920
0.0241013683931485
0.0188207503915810
0.0299773311654607
0.0885855399613947
0.0021510419760642
-0.0333524698530186
0.1013279452260007
-0.0236897823380713
0.0592050127360932
0.0177852850112443
0.0666142452427167
-0.0544753534992737
-0.0438413175858680
-0.0216115860862362
-0.0201776018764351
-0.0743101615911007
0.0794761197941691
0.0973538456107683
-0.0036699624059560
0.0153236718827418
-0.0231386642911087
-0.0325205887562095
0.1062052424922769
-0.0216171249677146
-0.0259583131818437
-0.0099102376809489
-0.0745541237207123
-0.0517680620075950
0.0731163912757652
0.0015027550670835
-0.0153781545901711
0.0273058324652829
0.1393021490038877
-0.0103211804250765
0.0104331154800004
-0.0405973314311862
-0.0157562834387089
0.0825007223746095
-0.0615033827011035
-0.0853371596881783
-0.0456158080088264
0.0029388634515674
0.0041294361318889
0.0758833683299523
-0.0233461052033836
0.1012307095567209
0.1203806923737166
-0.0644229049732030
-0.0125163275074886
-0.0073315528819506
-0.0370640935495230
0.0733901602158199
-0.0800586975114485
0.0228809055520538
-0.0156380860856837
0.0084142091771544
-0.0639567223107970
0.1193070183012635
-0.0786061230222837
-0.0474905371685510
0.0443802186911582
-0.1268566184785159
0.0296898324315944
0.1119436908888349
-0.0010823652059426
0.1269311793952310
0.0289326209144239
0.0411826296988317
-0.0597071445114427
-0.0472165746443877
0.0176306564317688
-0.0465326161136373
0.0924808326686659
-0.0720277607973768
0.0131307986090057
0.0898635702115100
-0.0169589185302402
0.0421614096190076
0.0452428774990072
-0.0209147070024885
0.1904846517186826
-0.0305598433817943
-0.0010663299186280
-0.0390836109362129
0.0266116896265534
-0.0090491527394246
-0.0184115303795823
0.0573102662564661
0.0344573521121197
-0.0631450119549446
-0.0440139536299666
0.1250094134353312
-0.0596751550619134
-0.0022470718135481
0.0202605001364718
0.1135076787771182
0.0192699047920413
0.0109104069514218
0.0062783651558096
0.0182461671238680
-0.0190134073804573
0.0105806840979604
0.0617473578488001
0.0457626010763267
-0.0637956998054251
-0.0117403305389412
0.0321397289454243
-0.0829978971554177
-0.0134127897628621
-0.0207815200991586
0.0610278545341842
0.0169600766195547
0.0057350096334299
-0.0181487765820545
0.0794971973279233
0.0178172785605088
0.0337541184043458
0.0651767802794326
-0.0261651623741474
-0.0582549278423156
-0.0066833805260026
-0.0360403239352642
0.0062011977181974
0.0121497844057903
-0.0220632425748158
0.0627221983428265
0.0585431441582860
0.0122245798142699
0.0280393937498986
0.0233089819705687
-0.0038493734196548
0.1368480192794231
0.0515894110734164
0.0181015618041773
-0.0360321126824230
0.0165885220102099
0.0910416850820595
-0.0109381097789620
-0.0139395889093941
0.0031315727077444
0.0146645484704319
0.0111597395282522
-0.0114198493938714
0.0127952211324463
-0.0215681984811894
-0.0979601859665269
0.0627983066656245
0.1378188275131546
0.0581785768872880
0.0961196066773759
-0.0409367898091742
0.1186465658793868
-0.1736666074913978
0.0104571994477174
0.0470615423734563
0.1052031374749881
-0.0533484750452841
0.0244903361788705
-0.0702169463382257
-0.0184105612548513
-0.0085639757369984
-0.0310531819217072
-0.0070122744697504
0.0338335049746563
0.0648113018342970
-0.0569358285326772
-0.0289596226319257
-0.0086536827933463
0.0588640478462752
0.0477993677615211
0.0593360391461039
-0.1150588662784521
0.1163855506416158
0.0092736477364417
-0.0300675195073884
-0.0004512151038952
0.0613673372575764
-0.0325854617364864
0.0433917693656508
0.1077814403545877
-0.0527757494585625
-0.0395090373831795
0.0780138907216519
0.0022702602554975
-0.0100621441856038
0.0243615213316452
-0.0572186261062651
-0.0566984243452366
-0.0638121773540154
-0.0112557770099558
0.0085947224542401
0.0664769031119413
-0.0534748298923182
0.0447209238394563
0.1053049169523088
-0.0264672124708962
-0.0590197944207850
0.0962272639646069
-0.0407502413957209
-0.0056097726927401
0.0002391911329706
-0.0490230221636414
-0.0034724073938064
-0.0052374559263565
0.0471217767341359
-0.0063991741764643
0.0444167425099090
-0.0156999307243413
0.0477226886141589
-0.0294053776114636
-0.0487131510975950
0.0058460041267520
-0.0092056957427238
-0.0184428911236453
0.0617217058510134
0.0350778398249513
0.0247874370180050
0.0207068515126889
-0.0657024055492149
0.0083590187403141
0.0125320975407501
0.0852865821553936
-0.0004207952355592
0.0753559949441732
-0.0734908613006154
0.0482679624850527
-0.0113892961826833
-0.0152749945643294
-0.0548849672406777
0.0839823966358381
0.0470880468971473
0.0848888355013191
0.0003449088193084
-0.0722316674719975
-0.0072488728934214
-0.0358675151745432
0.0391665464521422
0.0142120503700296
0.0689580460996718
-0.0253886155385086
0.1183335532181311
0.0146415267244584
0.0680041721687148
-0.0743715915244256
0.0468618191629034
0.0078807874835915
0.0338528791223551
-0.0860315161334747
-0.0431076380230045
-0.0098155750326286
-0.0227224013408255
-0.0056109894835379
-0.0153173467511253
-0.0051745248360798
0.0046412331665752
0.0954785519247938
0.1025102332105837
0.0410801251943990
-0.0596002565858845
0.0324118611335357
-0.0148807582300325
-0.0309346075672360
-0.0892419442094022
0.0656027729404115
-0.0031394843041096
-0.0160375323762948
0.0472510874365566
0.0600020507222281
-0.0821266148586923
0.1002571144219158
0.1134819091221178
-0.0289496403810988
0.0460952863324404
0.0312418537087674
0.0329644297774865
-0.0382338569172351
0.0252291320097218
-0.0358695773553031
0.0049675883340032
0.0066131722023857
0.0651757343531026
0.0505311709973408
0.0466746128117099
-0.0494599228816134
-0.0721402570689060
0.0333038260842173
0.0094332016196403
0.0213169393509360
0.0287663431856982
0.0339901770993510
0.0437938846623800
0.0075250744762054
0.0146556633051770
-0.0586232578545562
0.0098151778998370
0.1698099473661866
0.0080731195394693
-0.0518752721302305
0.1947705690592774
-0.0496846378337293
-0.0034225543952475
0.0234165689068074
-0.0032103077253521
-0.0096904223061709
0.1102927421700066
0.0604022916393151
-0.0253209875565463
-0.0283566833410300
-0.0007155329559699
0.0646250708340468
0.0591322585865023
-0.0133951645179747
-0.0259747734371452
-0.0543687627525650
-0.0580008351032109
-0.0060825528180822
0.0172250637412737
0.0355980211760706
0.1012077913779017
0.0187653737896513
-0.0387681492047021
-0.0315309002175592
-0.0342022864105469
0.0064123174818082
0.1254211327732606
0.0279541703274651
-0.0107062495336937
0.0487559065879302
0.0500189129145030
0.0166464049594597
0.1462538759110187
-0.0312077042440903
-0.0343238074279426
0.0243993927379039
-0.0170206863530229
0.0046910155444063
-0.0938900287672782
0.0080930039346975
0.0216238988556833
0.0607321828579860
-0.0085783508302569
0.0635986037765762
0.0032861500148691
0.0169732384204816
0.0139930727154204
0.0229096617655031
0.0360774953149353
0.0095562351185240
0.0046855104389045
0.0409519232233586
-0.0034043725452693
0.0119624990228164
0.0312612839622843
-0.0031543531632649
0.0806390897763634
0.0391833807302209
0.0068221547939483
0.0657155322942234
-0.0036353289227933
-0.0014233420032779
0.0186290117138624
-0.0008618272305191
-0.0104979225123990
0.0075838870482595
-0.0030991658650997
-0.0106634691233637
0.0063628104583435
-0.0120294698395732
-0.0058222728285068
0.0621536680881439
0.0287882152783472
0.0023011908823667
0.0182846465341795
-0.0083698080166400
-0.0093812158248342
0.0133093019237681
0.1669358545518905
0.0154035244724136
0.0035948659773296
-0.0098494766610123
-0.0092108364643248
0.0620647160998974
0.0032376114058460
-0.0088808192451864
-0.0094467922361387
0.0178046059174845
0.0006717077978558
0.0354490307775703
-0.0094570903262398
0.0306204442111173
0.0238578827078416
0.0043057452745859
-0.0103546799495735
0.0166819806077962
-0.0109473501338991
0.0642889691686096
-0.0043704699683362
-0.0108375606422548
-0.0089028499840727
0.0020039309613947
0.0014506272389657
-0.0025070011488734
0.0020482425697331
-0.0107484018565438
-0.0025364289045237
0.0099510194088622
-0.0109320212625858
0.0187151639307406
0.0044009464868001
0.0010461226448564
0.0017809894573108
0.0209131670935715
0.0173029378890444
0.0052158176194635
0.1147836470120882
-0.0011109653605003
-0.0069132631152242
0.0064044967201259
0.0167712258218760
0.0091627295750849
0.0218830399876638
0.0176648913480602
-0.0074726305540852
0.0066091270092913
-0.0086169714047684
-0.0018191850204598
0.0029748826625961
-0.0007855414781644
0.0329517475386998
-0.0024241051178905
0.0102182935159277
0.0007879246397129
0.0199995057602459
0.0140016807216086
0.0150876212997975
0.0130392371187100
-0.0083737988799715
-0.0030180850375978
0.0502043477206626
0.0122669453548143
-0.0090821859022840
0.0321763776484588
-0.0006776660200604
0.0630679964094270
0.0358635506558553
0.0105980385811226
0.0042902521037496
0.0055007868749634
0.0155257303479175
0.0292432627811553
0.0259208995967317
-0.0046978930270279
-0.0102483002334560
-0.0094684021696951
0.0317989930866687
0.0092144851717338
0.0263876824197380
-0.0108860332268284
-0.0094286340426917
0.0003127739503879
-0.0062438159709415
-0.0009414966448076
0.0011300821618696
0.0110214832079466
0.0284527530593770
0.0018700646533156
0.0182828033421343
0.0720368236952376
0.0062448967742913
-0.0112033702842709
0.0341473533118709
-0.0045424985520817
-0.0106615679409780
0.0201320349253342
0.0009295362370245
-0.0117895867740292
-0.0063512195972929
0.0101072607951217
-0.0044358179877737
-0.0057403016431239
-0.0031980626026518
0.0015079227097882
0.0244396412419855
-0.0005443230161204
-0.0119214432031246
-0.0075903127111158
0.0091845613910591
-0.0114517030036983
-0.0116811762508903
0.0269134414549372
0.0189284753108490
0.0274998468055284
-0.0017892856176150
0.0349051569527801
-0.0028585570500883
0.0133943031811416
-0.0016766116811014
-0.0065280651991519
0.0642411301001385
0.0273956192054560
-0.0050394810439646
0.0301108991738783
-0.0066462146344124
0.0018145663265011
-0.0025200325584893
-0.0033183329499081
0.0366931191809386
0.0106966270699441
-0.0090731760576799
0.0036569377494087
-0.0035947886426930
-0.0083635707428778
0.0151800318497108
0.0106989301926686
0.0094750739249224
0.0413734515921414
-0.0060284305383871
-0.0055345254022882
0.0300265901817317
0.0112660942850183
0.0120851322056937
-0.0053491279418287
0.0005495488123342
0.0667358315922274
-0.0086612356607728
0.0299071876837179
0.0069233186390822
-0.0054611734336472
-0.0104576446307497
0.0237550581175939
0.0145434134382452
0.0032842990068988
0.0317260748311874
0.0020526269467388
0.0124997226172962
-0.0084378415849303
0.0087297969333716
-0.0100030650330171
-0.0089179066151702
-0.0114514572907739
0.0196598736817580
0.0009584957470909
-0.0062850014630448
0.0438957065204811
-0.0094024048941870
0.1343308736716324
0.0143855823556581
0.0230773010094369
0.0258179936729764
0.0184772491425657
-0.0062583850460333
-0.0090922422528309
-0.0053269367780104
0.0149617250938534
0.1255536013220138
0.0628671307531485
-0.0037191424005330
-0.0074646393678801
0.0123737082043083
0.0154366621085164
-0.0056488355376162
-0.0084385143216398
0.0185987765629793
0.0166956702246968
0.0012838714534002
0.0396994360244399
0.0058153774938963
-0.0093034897423664
-0.0058943010610338
-0.0061172428432838
-0.0112436284880254
0.0149424622631071
-0.0070550668670556
0.0095540007916862
-0.0033470210216679
-0.0090952355962937
-0.0050517590489885
-0.0080373712317834
0.0318401336438390
-0.0094099028215000
0.0042658449220019
0.0747025956924072
0.0242931880331979
-0.0072141359719997
0.0446684903978161
0.0319241674297278
-0.0085109778158828
-0.0101484659130200
0.0200632148756865
0.0148358018639684
0.0228905046589973
-0.0103178160777531
0.0089613756517308
-0.0047792057687183
-0.0038001835517079
-0.0114487656090849
-0.0082578481887497
0.0260813005454939
-0.0093698463401131
0.0066619814885477
0.0003401494885998
-0.0011623896708649
0.0517693014935709
0.0211067195729563
-0.0008887758079842
0.0007019445539941
0.0091454873720906
0.0436227939311872
0.0072587797921926
0.0251026232992166
-0.0304944029096609,0.0562059020384498,-0.0528182135437337,0.0571106030040724,-0.0162352057276283,0.0258844302505847,0.0101071430229961,-0.0016482954638635,0.0051164977425393,-0.0094072448137466,0.0151891547466954,-0.0224183691401648,-0.0070845345083067,0.0454782853241100,-0.0387263102123757,-0.0220982177962288,-0.1113522039161617,0.1315061554807155,0.1108451201754806,-0.0375768143532807,0.1032233087058021,-0.1053283731399704,-0.0623772851229970,-0.0713603932132882,-0.0945379606306509,-0.0235511581585734,0.0867416869349429,0.1648160232971944,-0.0436984042166331,-0.0634582986063928,-0.0763717343720616,0.0913565003772885,0.0373277874114072,0.0642011494340667,-0.0786831661789743,-0.0037212401108328,0.0223279138301648,0.1533865959969005,-0.0172632856268683,0.2603753656031044,-0.0808773025119578,0.0036281744933084,-0.0565208861105276,0.0146184094589379,0.0429883542074919,-0.0498079235043572,-0.0534543302920773,0.1075052905868260,0.0656415843761849,-0.1274778351127331,-0.0793550836749437,-0.0486851416197489,0.1481581538137327,0.0133210044338843,0.0556248070817313,-0.0493842918532660,-0.0441795837680421,-0.1478869118490945,-0.0578500945995499,-0.0647401549381011,0.0151589104870548,0.0604972257145322,0.0985709332334576,0.1344868955399497,0.2085706079539487,0.0246746865246044,0.0375815822339875,0.0631966959532311,-0.2038905922493668,0.0013447044027812,0.0230413254888809,-0.0680145115654586,-0.0593909073363766,0.1915884374009142,-0.0932435506080212,-0.0156200374777242,-0.1695371349547446,0.0413291887492349,0.0997533136568040,0.0145078394958458,-0.1308675751430445,-0.0865249532632207,-0.1479808645266182,-0.0839138174334318,0.0138260577641291,0.1476012985405165,0.0118733243647427,0.0184389606210238,0.1484385296626335,0.1683793620127907,-0.1373007824551774,0.0030757315393889,0.0487303773501430,0.0391186140945573,0.0304521450803062,-0.1053258138809195,-0.0615885762050580,-0.0872618654620440,0.1821873073607369,0.0147452704928200,0.0346148954153938,0.0568520928163900,0.0315977647352961,-0.0287753517346364,0.0431194312243995,-0.0920136718050587,-0.1396185155245943,-0.1952041107069488,0.0808375738586489,-0.1895343896162591,-0.0449259016716853,-0.0337606356328097,0.1270340359249461,-0.0420074029558460,0.0628082577168516,-0.1443384423928617,-0.0511040352639677,0.1634617262149058,0.0872004769804143,-0.0747946513487870,-0.0590462434513453,-0.0399416499546378,0.0486908241030890,0.1102884890268990,-0.0755555459376150,-0.0170551027632212,-0.0037254826167980,-0.0125473939623317,0.0162054115066272,0.1009851155496667,0.0835436564133148,-0.1515310884835616,0.0649894490349255,-0.1404215712553815,-0.2006590966312413,0.0665908301304142,0.2618467596496953,0.0846153525104773,-0.0009389819256148,0.1501395882729715,0.0479933087956891,-0.1354136016498315,-0.1191764951765015,0.0405201385236067,-0.1233072045982459,-0.0166626312123644,-0.0887586051621454,-0.0694960159970474,0.1656079851733863,-0.1120664875978304,0.0201164654141855,-0.0158052441304471,-0.0394355274638315,-0.1039271211689796,0.1511684411454839,-0.0538469712728278,0.0532524541505050,0.0347162751630906,0.2375487237313682,-0.1382566159796365,0.0624351100084679,0.2372522866971438,-0.0235250189567173,-0.1176198927605614,-0.1311145970280638,-0.0520980011702213,-0.1287476935036652,-0.0203020228414152,-0.0906074873608443,-0.0825156974417171,-0.0769289507405827,-0.0040016528157547,-0.0129144161663301,-0.0715499886181090,0.0526655900989808,0.1152352959696479,-0.0937250659804297,-0.1161282140781271,0.0069230615818247,-0.0078257506612259,0.0098212085349971,-0.0334796996612264,0.1168020680581154,0.0579454831251792,-0.0901563519888464,-0.1603823259026986,-0.0643270592394899,0.1190226675953516,0.0089813953904512,0.2188398923639604,0.0875614931546895,0.1878914078023311,0.1262943919325153,-0.0193829097124557,0.0430776832232888,0.2565177167342654,-0.1717243941543592,-0.0016709653454629,-0.1515560288959438,0.0650295936352621,-0.0758258042660384,-0.0812807939401121,0.1354135485452869,-0.1516261788641698,-0.0569153430081452,0.0029943678630297,-0.1160098441632014,-0.0379825861153387,0.0311401933299312,0.1172082024217936,-0.0879949275505879,0.0510099376786687,-0.0497277558778910,-0.0631636290702495,-0.0651886164617225,-0.0756544580548222,-0.0655737356788530,0.0942582667349082,0.0015351917858378,0.0082752582271598,0.2535433066403164,0.1999189248877606,-0.0738404751043284,-0.1884904241004866,-0.0112533594347812,-0.0270950528178646,0.0334028282201824,0.0412607448997521,0.1511477702339593,0.1418858429512814,0.1033227748651610,-0.1432361535048684,0.1230907650708622,0.0603335534040047,0.1307772188811297,-0.0155081335168967,-0.0946352814419801,-0.0245773785496734,-0.0190882659445031,-0.0787577055079332,-0.0892987211631147,-0.1087376127224367,-0.0508116860375696,0.0723022418387610,0.0148031681894212,-0.0586075850702595,0.2329946260987023,0.1463632166329363,-0.0299020150006793,-0.0283815662059641,0.1904332213824381,-0.0592429804611286,-0.0214903344371254,-0.0863753335976504,-0.0627360842249604,-0.0808601836503152,
